{"stats":{"minecraft:dropped":{"ae2:processing_pattern":2,"ae2:white_smart_cable":9},"minecraft:custom":{"minecraft:time_since_rest":401257,"minecraft:sprint_one_cm":8,"minecraft:walk_one_cm":38248,"minecraft:drop":11,"minecraft:inspect_hopper":1,"minecraft:items_extracted":3,"minecraft:interact_with_crafting_table":3,"minecraft:fly_one_cm":53,"minecraft:open_barrel":21,"minecraft:crouch_one_cm":307,"minecraft:play_time":401257,"minecraft:sneak_time":553,"minecraft:jump":50,"minecraft:interact_with_stonecutter":2,"minecraft:leave_game":47,"minecraft:time_since_death":401257,"minecraft:total_world_time":632007},"minecraft:crafted":{"ae2:cable_pattern_provider":2,"infinitypatternprovider:_1slots_pattern_provider":18,"infinitypatternprovider:_1slots_pattern_provider_part":18,"ae2:pattern_provider":2},"minecraft:picked_up":{"ae2:white_smart_cable":1,"ae2:processing_pattern":15,"infinitypatternprovider:_1024slots_pattern_provider":2,"infinitypatternprovider:infinity_pattern_provider":1,"infinitypatternprovider:_32slots_pattern_provider":1,"ae2:blank_pattern":124},"minecraft:used":{"infinitypatternprovider:infinity_pattern_provider_part":1,"minecraft:diamond_pickaxe":2,"infinitypatternprovider:_32slots_pattern_provider_part":1,"infinitypatternprovider:infinity_pattern_provider":10,"infinitypatternprovider:_1slots_pattern_provider_part":5,"infinitypatternprovider:_1024slots_pattern_provider_part":2,"infinitypatternprovider:_1slots_pattern_provider":4,"ae2:storage_bus":1,"infinitypatternprovider:_32slots_pattern_provider":9,"minecraft:stonecutter":1,"minecraft:barrel":9,"ae2:pattern_encoding_terminal":5,"ae2:white_smart_cable":17,"minecraft:crafting_table":1,"minecraft:hopper":4,"infinitypatternprovider:_1024slots_pattern_provider":17,"ae2:crystal_resonance_generator":6,"ae2:pattern_access_terminal":6,"ae2:256k_crafting_storage":1,"ae2:pattern_provider":2,"ae2:controller":1},"minecraft:mined":{"infinitypatternprovider:_32slots_pattern_provider":1,"infinitypatternprovider:infinity_pattern_provider":1,"infinitypatternprovider:_1024slots_pattern_provider":1}},"DataVersion":3465}