{
  "parent": "block/cube",
  "textures": {
    "particle": "infinitypatternprovider:block/infinity_pattern_provider",
    "down": "infinitypatternprovider:block/infinity_pattern_provider_alternate",
    "up": "infinitypatternprovider:block/infinity_pattern_provider_alternate_front",
    "north": "infinitypatternprovider:block/infinity_pattern_provider_alternate_arrow",
    "south": "infinitypatternprovider:block/infinity_pattern_provider_alternate_arrow",
    "east": "infinitypatternprovider:block/infinity_pattern_provider_alternate_arrow",
    "west": "infinitypatternprovider:block/infinity_pattern_provider_alternate_arrow"
  }
}