{
  "minecraft:recipes/decorations/crafting_table": {
    "criteria": {
      "unlock_right_away": "2026-01-24 23:35:51 +0800"
    },
    "done": true
  },
  "minecraft:adventure/adventuring_time": {
    "criteria": {
      "minecraft:plains": "2026-01-24 23:35:53 +0800"
    },
    "done": false
  },
  "infinitypatternprovider:recipes/building_blocks/1024slots_pattern_provider_blockentity_from_ae2": {
    "criteria": {
      "has_32slots_pattern_provider": "2026-01-24 23:35:58 +0800"
    },
    "done": true
  },
  "infinitypatternprovider:recipes/misc/32slots_pattern_provider_part_from_blockentitys": {
    "criteria": {
      "has_32slots_pattern_provider": "2026-01-24 23:35:58 +0800"
    },
    "done": true
  },
  "ae2:recipes/misc/network/parts/terminals_pattern_access": {
    "criteria": {
      "has_pattern_provider": "2026-01-24 23:35:58 +0800"
    },
    "done": true
  },
  "infinitypatternprovider:recipes/building_blocks/infinity_pattern_provider_blockentity_from_ae2": {
    "criteria": {
      "has_1024slots_pattern_provider": "2026-01-24 23:35:59 +0800"
    },
    "done": true
  },
  "infinitypatternprovider:recipes/misc/1024slots_pattern_provider_part_from_blockentity": {
    "criteria": {
      "has_1024slots_pattern_provider": "2026-01-24 23:35:59 +0800"
    },
    "done": true
  },
  "infinitypatternprovider:recipes/misc/infinity_pattern_provider_part_from_blockentity": {
    "criteria": {
      "has_infinity_pattern_provider": "2026-01-24 23:36:00 +0800"
    },
    "done": true
  },
  "ae2:recipes/misc/network/cables/smart_fluix_clean": {
    "criteria": {
      "has_smart_cable": "2026-01-24 23:37:27 +0800"
    },
    "done": true
  },
  "ae2:main/pattern_encoding_terminal": {
    "criteria": {
      "certus": "2026-01-24 23:37:49 +0800"
    },
    "done": true
  },
  "ae2:recipes/misc/network/crafting/patterns_blank": {
    "criteria": {
      "has_pattern_encoding_terminal": "2026-01-24 23:37:49 +0800"
    },
    "done": true
  },
  "minecraft:recipes/decorations/chest": {
    "criteria": {
      "has_lots_of_items": "2026-01-24 23:38:06 +0800"
    },
    "done": true
  },
  "ae2:recipes/misc/network/blocks/pattern_providers_interface_part": {
    "criteria": {
      "has_pattern_provider": "2026-01-25 16:28:19 +0800"
    },
    "done": true
  },
  "infinitypatternprovider:recipes/building_blocks/32slots_pattern_provider_blockentity_from_ae2": {
    "criteria": {
      "has_pattern_provider": "2026-01-25 16:28:19 +0800"
    },
    "done": true
  },
  "infinitypatternprovider:recipes/building_blocks/infinity_pattern_provider_part_from_ae2": {
    "criteria": {
      "has_1024slots_pattern_provider_part": "2026-01-27 12:48:25 +0800"
    },
    "done": true
  },
  "infinitypatternprovider:recipes/misc/1024slots_pattern_provider_blockentity_from_part": {
    "criteria": {
      "has_1024slots_pattern_provider_part": "2026-01-27 12:48:25 +0800"
    },
    "done": true
  },
  "infinitypatternprovider:recipes/building_blocks/1slots_pattern_provider_blockentity_from_ae2": {
    "criteria": {
      "has_pattern_provider": "2026-01-29 10:14:28 +0800"
    },
    "done": true
  },
  "infinitypatternprovider:recipes/misc/1slots_pattern_provider_part_from_blockentitys": {
    "criteria": {
      "has_1slots_pattern_provider": "2026-01-29 10:14:36 +0800"
    },
    "done": true
  },
  "infinitypatternprovider:recipes/building_blocks/pattern_provider_blockentity_from_1slots_pattern_provider": {
    "criteria": {
      "has_1slots_pattern_provider": "2026-01-29 10:14:36 +0800"
    },
    "done": true
  },
  "infinitypatternprovider:recipes/building_blocks/pattern_provider_part_from_1slots_pattern_provider": {
    "criteria": {
      "has_1slots_pattern_provider_part": "2026-01-29 10:14:39 +0800"
    },
    "done": true
  },
  "infinitypatternprovider:recipes/misc/1slots_pattern_provider_blockentity_from_part": {
    "criteria": {
      "has_1slots_pattern_provider_part": "2026-01-29 10:14:39 +0800"
    },
    "done": true
  },
  "ae2:recipes/misc/tools/network_tool": {
    "criteria": {
      "has_quartz_wrench": "2026-01-29 10:20:09 +0800"
    },
    "done": true
  },
  "ae2:main/storage_bus": {
    "criteria": {
      "part": "2026-01-29 10:25:40 +0800"
    },
    "done": true
  },
  "ae2:main/controller": {
    "criteria": {
      "certus": "2026-01-29 10:26:05 +0800"
    },
    "done": true
  },
  "infinitypatternprovider:recipes/misc/32slots_pattern_provider_blockentity_from_part": {
    "criteria": {
      "has_32slots_pattern_provider_part": "2026-01-29 10:27:46 +0800"
    },
    "done": true
  },
  "infinitypatternprovider:recipes/building_blocks/1024slots_pattern_provider_part_from_ae2": {
    "criteria": {
      "has_32slots_pattern_provider_part": "2026-01-29 10:27:46 +0800"
    },
    "done": true
  },
  "infinitypatternprovider:recipes/misc/infinity_pattern_provider_blockentity_from_part": {
    "criteria": {
      "has_infinity_pattern_provider_part": "2026-01-29 10:27:48 +0800"
    },
    "done": true
  },
  "ae2:main/network1": {
    "criteria": {
      "cable": "2026-01-29 10:27:52 +0800"
    },
    "done": true
  },
  "minecraft:story/root": {
    "criteria": {
      "crafting_table": "2026-01-29 10:28:07 +0800"
    },
    "done": true
  },
  "infinitypatternprovider:recipes/building_blocks/32slots_pattern_provider_part_from_ae2": {
    "criteria": {
      "has_pattern_provider_part": "2026-01-29 10:28:23 +0800"
    },
    "done": true
  },
  "infinitypatternprovider:recipes/building_blocks/1slots_pattern_provider_part_from_ae2": {
    "criteria": {
      "has_pattern_provider_part": "2026-01-29 10:28:23 +0800"
    },
    "done": true
  },
  "ae2:recipes/misc/network/blocks/pattern_providers_interface_alt": {
    "criteria": {
      "has_cable_pattern_provider": "2026-01-29 10:28:23 +0800"
    },
    "done": true
  },
  "DataVersion": 3465
}