{
  "parent": "minecraft:recipes/root",
  "criteria": {
    "has_1slots_pattern_provider": {
      "conditions": {
        "items": [
          {
            "items": [
              "infinitypatternprovider:_1slots_pattern_provider"
            ]
          }
        ]
      },
      "trigger": "minecraft:inventory_changed"
    },
    "has_the_recipe": {
      "conditions": {
        "recipe": "infinitypatternprovider:pattern_provider_blockentity_from_1slots_pattern_provider"
      },
      "trigger": "minecraft:recipe_unlocked"
    }
  },
  "requirements": [
    [
      "has_1slots_pattern_provider",
      "has_the_recipe"
    ]
  ],
  "rewards": {
    "recipes": [
      "infinitypatternprovider:pattern_provider_blockentity_from_1slots_pattern_provider"
    ]
  },
  "sends_telemetry_event": false
}