{
  "parent": "minecraft:recipes/root",
  "criteria": {
    "has_1024slots_pattern_provider_part": {
      "conditions": {
        "items": [
          {
            "items": [
              "infinitypatternprovider:_1024slots_pattern_provider_part"
            ]
          }
        ]
      },
      "trigger": "minecraft:inventory_changed"
    },
    "has_the_recipe": {
      "conditions": {
        "recipe": "infinitypatternprovider:infinity_pattern_provider_part_from_ae2"
      },
      "trigger": "minecraft:recipe_unlocked"
    }
  },
  "requirements": [
    [
      "has_1024slots_pattern_provider_part",
      "has_the_recipe"
    ]
  ],
  "rewards": {
    "recipes": [
      "infinitypatternprovider:infinity_pattern_provider_part_from_ae2"
    ]
  },
  "sends_telemetry_event": false
}