{"stats":{"minecraft:crafted":{"ae2:cable_pattern_provider":2,"infinitypatternprovider:_1slots_pattern_provider":18,"infinitypatternprovider:_1slots_pattern_provider_part":18,"ae2:pattern_provider":2},"minecraft:mined":{"infinitypatternprovider:_32slots_pattern_provider":1,"infinitypatternprovider:infinity_pattern_provider":1,"infinitypatternprovider:_1024slots_pattern_provider":1},"minecraft:dropped":{"ae2:processing_pattern":2,"ae2:white_smart_cable":9},"minecraft:custom":{"minecraft:time_since_rest":482124,"minecraft:sprint_one_cm":2558,"minecraft:walk_one_cm":58521,"minecraft:mob_kills":6,"minecraft:drop":11,"minecraft:inspect_hopper":1,"minecraft:damage_dealt":1540,"minecraft:items_extracted":3,"minecraft:talked_to_villager":2,"minecraft:interact_with_crafting_table":3,"minecraft:fly_one_cm":5346,"minecraft:open_barrel":23,"minecraft:crouch_one_cm":435,"minecraft:play_time":482124,"minecraft:sneak_time":945,"minecraft:jump":124,"minecraft:interact_with_stonecutter":2,"minecraft:leave_game":86,"minecraft:time_since_death":482124,"minecraft:total_world_time":947921},"minecraft:used":{"minecraft:netherite_sword":16,"infinitypatternprovider:infinity_pattern_provider_part":2,"minecraft:diamond_pickaxe":2,"infinitypatternprovider:_32slots_pattern_provider_part":2,"infinitypatternprovider:infinity_pattern_provider":19,"infinitypatternprovider:_1slots_pattern_provider_part":6,"infinitypatternprovider:_1024slots_pattern_provider_part":3,"infinitypatternprovider:_1slots_pattern_provider":7,"ae2:storage_bus":1,"infinitypatternprovider:_32slots_pattern_provider":12,"minecraft:stonecutter":1,"minecraft:barrel":9,"ae2:pattern_encoding_terminal":6,"ae2:white_smart_cable":25,"infinitypatternprovider:_1024slots_pattern_provider":29,"minecraft:hopper":4,"minecraft:crafting_table":1,"ae2:crystal_resonance_generator":9,"ae2:pattern_access_terminal":10,"ae2:256k_crafting_storage":1,"ae2:pattern_provider":4,"ae2:controller":1},"minecraft:picked_up":{"ae2:white_smart_cable":1,"minecraft:leather":5,"minecraft:lead":4,"ae2:processing_pattern":17,"infinitypatternprovider:_1024slots_pattern_provider":2,"infinitypatternprovider:infinity_pattern_provider":3,"infinitypatternprovider:_32slots_pattern_provider":1,"ae2:blank_pattern":124},"minecraft:killed":{"minecraft:trader_llama":4,"minecraft:wandering_trader":2}},"DataVersion":3465}