{
  "variants": {
    "push_direction=all": {
      "model": "infinitypatternprovider:block/infinity_pattern_provider_all"
    },
    "push_direction=east": {
      "model": "infinitypatternprovider:block/infinity_pattern_provider_oriented",
      "x": 90,
      "y": 90
    },
    "push_direction=west": {
      "model": "infinitypatternprovider:block/infinity_pattern_provider_oriented",
      "x": 90,
      "y": 270
    },
    "push_direction=south": {
      "model": "infinitypatternprovider:block/infinity_pattern_provider_oriented",
      "x": 270
    },
    "push_direction=north": {
      "model": "infinitypatternprovider:block/infinity_pattern_provider_oriented",
      "x": 90
    },
    "push_direction=up": {
      "model": "infinitypatternprovider:block/infinity_pattern_provider_oriented",
      "x": 0
    },
    "push_direction=down": {
      "model": "infinitypatternprovider:block/infinity_pattern_provider_oriented",
      "x": 180
    }
  }
}